"","x"
"C0101-P001NS01",42
"C0102-P001NS01",103
"C0102-S001NS01",70
"C0102-W001NS01",54
"C0103-P001NS01",61
"C0103-S001NS01",91
"C0103-V102NS01",142
"C0103-V401NS01",157
"C0103-W001NS01",170
"C0104-V102NS01",54
"C0104-V401NS01",94
"C0104-W001NS01",55
"C0105-P001NS01",35
"C0105-W001NS01",88
"C0106-F001NS01",39
"C0106-P001NS01",124
"C0106-S001NS01",107
"C0107-F001NS01",103
"C0107-P001NS01",115
"C0107-S001NS01",90
"C0107-V401NS01",129
"C0108-F001NS01",13
"C0108-P001NS01",80
"C0108-S001NS01",40
"C0109-F001NS01",53
"C0109-P001NS01",70
"C0109-S001NS01",68
"C0110-F001NS01",113
"C0110-P001NS01",113
"C0110-S001NS01",120
"C0110-V401NS01",68
"C0111-F001NS01",127
"C0111-P001NS01",54
"C0111-S001NS01",54
"C0111-V401NS01",98
"C0112-P001NS01",16
"C0112-S001NS01",38
"C0112-V301NS01",144
"C0112-V401NS01",105
"C0114-P001NS01",116
"C0114-S001NS01",74
"C0114-V301NS01",102
"C0114-V401NS01",103
"C0115-P001NS01",77
"C0115-S001NS01",43
"C0115-V301NS01",138
"C0115-V401NS01",153
"C0116-F001NS01",68
"C0116-P001NS01",79
"C0116-V301NS01",69
"C0117-F001NS01",76
"C0117-S001NS01",41
"C0117-V301NS01",73
"C0119-S001NS01",36
"C0120-S001NS01",90
"C0120-V201NS01",150
"C0120-V301NS01",92
"C0121-F001NS01",110
"C0121-S001NS01",70
"C0121-V301NS01",91
"C0122-S001NS01",56
"C0122-V201NS01",197
"C0122-V301NS01",107
"C0123-S001NS01",78
"C0123-V201NS01",75
"C0123-V301NS01",121
"C0124-S001NS01",71
"C0124-V201NS01",118
"C0124-V301NS01",120
"C0125-S001NS01",118
"C0125-V201NS01",112
"C0125-V301NS01",45
"C0126-S001NS01",130
"C0126-V201NS01",134
"C0126-V301NS01",41
"C0127-S001NS01",64
"C0127-V201NS01",160
"C0127-V301NS01",94
"C0128-S001NS01",113
"C0128-V201NS01",165
"C0129-S001NS01",28
"C0129-V201NS01",112
"C0133-V101NS01",146
"C0133-V201NS01",134
"C0134-V101NS01",144
"C0134-V201NS01",94
"C0135-V101NS01",107
"C0136-V101NS01",78
"C0136-V201NS01",141
"C0137-V101NS01",184
"C0138-V101NS01",81
"C0139-V101NS01",65
"C0141-V101NS01",52
"C0142-V101NS01",97
"C0143-V101NS01",96
"C0201-P001NS01",74
"C0202-P001NS01",99
"C0202-S001NS01",92
"C0202-W001NS01",119
"C0203-P001NS01",89
"C0203-S001NS01",97
"C0203-V102NS01",97
"C0203-V401NS01",98
"C0203-W001NS01",154
"C0204-P001NS01",78
"C0204-S001NS01",183
"C0204-V102NS01",112
"C0204-V401NS01",118
"C0204-W001NS01",167
"C0205-P001NS01",41
"C0205-S001NS01",88
"C0205-W001NS01",69
"C0206-F001NS01",102
"C0206-P001NS01",104
"C0206-S001NS01",66
"C0207-F001NS01",89
"C0207-P001NS01",67
"C0207-S001NS01",41
"C0207-V401NS01",135
"C0208-P001NS01",51
"C0209-F001NS01",59
"C0209-S001NS01",114
"C0210-F001NS01",50
"C0210-P001NS01",69
"C0210-S001NS01",108
"C0210-V401NS01",101
"C0211-F001NS01",81
"C0211-P001NS01",50
"C0211-S001NS01",96
"C0212-P001NS01",81
"C0212-S001NS01",167
"C0212-V301NS01",118
"C0212-V401NS01",140
"C0214-P001NS01",59
"C0214-S001NS01",143
"C0214-V301NS01",140
"C0214-V401NS01",94
"C0215-P001NS01",125
"C0215-S001NS01",144
"C0215-V301NS01",118
"C0215-V401NS01",128
"C0216-F001NS01",90
"C0216-P001NS01",103
"C0216-V301NS01",77
"C0217-F001NS01",78
"C0217-S001NS01",55
"C0217-V301NS01",79
"C0219-S001NS01",42
"C0220-S001NS01",31
"C0220-V201NS01",179
"C0220-V301NS01",60
"C0221-F001NS01",97
"C0221-S001NS01",46
"C0221-V301NS01",115
"C0222-S001NS01",105
"C0222-V201NS01",132
"C0222-V301NS01",125
"C0223-S001NS01",55
"C0223-V201NS01",134
"C0223-V301NS01",120
"C0224-S001NS01",70
"C0224-V201NS01",59
"C0224-V301NS01",49
"C0225-S001NS01",97
"C0225-V201NS01",98
"C0225-V301NS01",34
"C0226-V201NS01",130
"C0226-V301NS01",78
"C0227-S001NS01",75
"C0227-V201NS01",111
"C0227-V301NS01",102
"C0228-S001NS01",37
"C0228-V201NS01",191
"C0229-S001NS01",19
"C0229-V201NS01",145
"C0233-V101NS01",40
"C0233-V201NS01",115
"C0234-V101NS01",119
"C0234-V201NS01",55
"C0235-V101NS01",89
"C0236-V101NS01",123
"C0236-V201NS01",85
"C0237-V101NS01",180
"C0238-V101NS01",160
"C0239-V101NS01",60
"C0241-V101NS01",48
"C0242-V101NS01",107
"C0243-V101NS01",102
"C0301-P001NS01",32
"C0302-P001NS01",112
"C0302-S001NS01",74
"C0302-V401NS01",96
"C0302-W001NS01",74
"C0303-P001NS01",58
"C0303-S001NS01",105
"C0303-V102NS01",96
"C0303-V401NS01",91
"C0303-W001NS01",155
"C0304-P001NS01",72
"C0304-S001NS01",91
"C0304-V401NS01",75
"C0304-W001NS01",129
"C0305-V102NS01",132
"C0305-V401NS01",115
"C0305-W001NS01",131
"C0306-P001NS01",107
"C0306-S001NS01",71
"C0306-V401NS01",178
"C0307-P001NS01",91
"C0307-S001NS01",60
"C0307-V401NS01",63
"C0308-F001NS01",13
"C0308-P001NS01",88
"C0309-F001NS01",79
"C0309-P001NS01",71
"C0309-S001NS01",82
"C0310-F001NS01",109
"C0310-P001NS01",61
"C0310-S001NS01",60
"C0310-V401NS01",183
"C0311-F001NS01",129
"C0311-P001NS01",32
"C0311-S001NS01",66
"C0311-V401NS01",49
"C0312-P001NS01",47
"C0312-S001NS01",28
"C0312-V301NS01",78
"C0312-V401NS01",71
"C0314-P001NS01",70
"C0314-S001NS01",139
"C0314-V301NS01",116
"C0314-V401NS01",123
"C0315-P001NS01",131
"C0315-V301NS01",97
"C0315-V401NS01",113
"C0316-F001NS01",71
"C0316-P001NS01",62
"C0316-V301NS01",98
"C0317-F001NS01",42
"C0317-S001NS01",38
"C0317-V301NS01",61
"C0319-S001NS01",23
"C0320-S001NS01",66
"C0321-F001NS01",101
"C0321-S001NS01",117
"C0322-S001NS01",80
"C0322-V201NS01",140
"C0322-V301NS01",117
"C0323-S001NS01",77
"C0323-V201NS01",116
"C0324-S001NS01",94
"C0324-V201NS01",90
"C0324-V301NS01",102
"C0325-S001NS01",121
"C0325-V201NS01",133
"C0325-V301NS01",38
"C0326-S001NS01",91
"C0326-V201NS01",96
"C0326-V301NS01",112
"C0327-S001NS01",114
"C0327-V201NS01",164
"C0328-S001NS01",96
"C0328-V201NS01",185
"C0329-S001NS01",134
"C0329-V201NS01",158
"C0333-V101NS01",53
"C0333-V201NS01",147
"C0334-V101NS01",155
"C0334-V201NS01",129
"C0335-V101NS01",80
"C0336-V101NS01",109
"C0336-V201NS01",42
"C0337-V101NS01",150
"C0338-V101NS01",130
"C0339-V101NS01",85
"C0341-V101NS01",88
"C0342-V101NS01",116
"C0343-V101NS01",84
"C0401-P001NS01",110
"C0402-P001NS01",108
"C0402-S001NS01",121
"C0402-W001NS01",51
"C0403-P001NS01",57
"C0403-S001NS01",76
"C0403-V102NS01",150
"C0403-V401NS01",98
"C0403-W001NS01",122
"C0404-P001NS01",84
"C0404-S001NS01",43
"C0404-V102NS01",122
"C0404-W001NS01",110
"C0405-P001NS01",42
"C0405-S001NS01",72
"C0405-W001NS01",156
"C0406-F001NS01",125
"C0406-P001NS01",123
"C0406-S001NS01",42
"C0406-V401NS01",108
"C0407-P001NS01",158
"C0407-S001NS01",70
"C0408-F001NS01",23
"C0408-P001NS01",89
"C0408-S001NS01",31
"C0409-F001NS01",87
"C0409-P001NS01",61
"C0409-S001NS01",75
"C0410-F001NS01",115
"C0410-P001NS01",61
"C0410-S001NS01",54
"C0410-V401NS01",127
"C0411-F001NS01",121
"C0411-P001NS01",67
"C0411-S001NS01",95
"C0412-P001NS01",76
"C0412-S001NS01",49
"C0412-V301NS01",76
"C0412-V401NS01",47
"C0414-P001NS01",86
"C0414-S001NS01",137
"C0414-V301NS01",118
"C0414-V401NS01",76
"C0415-P001NS01",56
"C0415-S001NS01",147
"C0415-V301NS01",162
"C0415-V401NS01",123
"C0416-F001NS01",49
"C0416-P001NS01",95
"C0416-V301NS01",104
"C0417-F001NS01",43
"C0417-S001NS01",59
"C0417-V301NS01",54
"C0419-S001NS01",57
"C0420-S001NS01",95
"C0420-V201NS01",179
"C0421-F001NS01",189
"C0421-S001NS01",58
"C0421-V301NS01",119
"C0422-S001NS01",155
"C0422-V201NS01",103
"C0422-V301NS01",61
"C0423-S001NS01",83
"C0423-V201NS01",99
"C0423-V301NS01",100
"C0424-S001NS01",83
"C0424-V201NS01",93
"C0424-V301NS01",24
"C0425-S001NS01",123
"C0425-V201NS01",147
"C0425-V301NS01",18
"C0426-S001NS01",64
"C0426-V201NS01",120
"C0426-V301NS01",75
"C0427-S001NS01",52
"C0427-V201NS01",95
"C0427-V301NS01",110
"C0428-S001NS01",45
"C0428-V201NS01",188
"C0429-S001NS01",33
"C0429-V201NS01",170
"C0433-V101NS01",99
"C0433-V201NS01",99
"C0434-V101NS01",117
"C0434-V201NS01",77
"C0435-V101NS01",109
"C0436-V101NS01",60
"C0436-V201NS01",108
"C0437-V101NS01",194
"C0438-V101NS01",170
"C0439-V101NS01",85
"C0441-V101NS01",106
"C0442-V101NS01",117
"C0443-V101NS01",156
"C0502-V102NS01",44
"C0502-V401NS01",51
"C0504-S001NS01",21
"C0504-V102NS01",60
"C0505-S001NS01",68
"C0505-V102NS01",67
"C0505-V401NS01",168
"C0506-V401NS01",80
"C0507-F001NS01",75
"C0507-V401NS01",85
"C0511-V401NS01",101
"C0520-V201NS01",141
"C0520-V301NS01",133
"C0521-V301NS01",106
"C0602-V102NS01",52
"C0602-V401NS01",71
"C0605-S001NS01",63
"C0606-V401NS01",78
"C0611-V401NS01",60
"C0620-V301NS01",76
"C0702-V102NS01",74
"C0702-V401NS01",119
"C0705-V102NS01",140
"C0705-V401NS01",164
"C0805-V102NS01",143
"C0805-V401NS01",140
"D0101-S001NS01",22
"D0101-V301NS01",3
"D0102-F001NS01",12
"D0102-P001NS01",12
"D0102-S001NS01",9
"D0102-V401NS01",6
"D0103-F001NS01",19
"D0103-S001NS01",35
"D0104-P001NS01",24
"D0104-S001NS01",23
"D0104-V301NS01",31
"D0104-V401NS01",14
"D0105-S001NS01",10
"D0105-V201NS01",14
"D0106-S001NS01",7
"D0106-V201NS01",6
"D0106-V301NS01",7
"D0107-S001NS01",14
"D0107-V201NS01",32
"D0107-V301NS01",49
"D0108-S001NS01",3
"D0108-V201NS01",4
"D0109-F001NS01",12
"D0109-S001NS01",11
"D0109-V301NS01",9
"D0110-F001NS01",11
"D0110-S001NS01",15
"D0110-V301NS01",20
"D0111-P001NS01",8
"D0111-S001NS01",7
"D0111-V401NS01",34
"D0112-S001NS01",13
"D0112-V201NS01",23
"D0114-S001NS01",18
"D0114-V201NS01",51
"D0114-V301NS01",65
"D0115-S001NS01",40
"D0115-V201NS01",19
"D0116-S001NS01",17
"D0116-V201NS01",28
"D0116-V301NS01",69
"D0117-F001NS01",21
"D0117-S001NS01",15
"D0117-V301NS01",9
"D0119-S001NS01",17
"D0120-S001NS01",22
"D0120-V201NS01",26
"D0120-V301NS01",66
"D0121-S001NS01",8
"D0121-V201NS01",8
"D0121-V301NS01",15
"D0122-S001NS01",15
"D0123-S001NS01",10
"D0123-V201NS01",47
"D0123-V301NS01",45
"D0124-S001NS01",12
"D0124-V201NS01",19
"D0124-V301NS01",38
"D0125-V201NS01",13
"D0126-V301NS01",79
"D0127-V101NS01",30
"D0127-V201NS01",84
"D0128-F001NS01",15
"D0129-F001NS01",29
"D0129-V201NS01",33
"D0133-V101NS01",23
"D0134-V101NS01",21
"D0134-V201NS01",80
"D0136-V101NS01",30
"D0138-V101NS01",31
"D0139-V101NS01",26
"D0201-F001NS01",34
"D0201-S001NS01",54
"D0201-V301NS01",36
"D0202-F001NS01",14
"D0202-P001NS01",18
"D0202-S001NS01",13
"D0202-V401NS01",23
"D0210-F001NS01",4
"D0210-P001NS01",67
"D0210-S001NS01",9
"D0210-V301NS01",31
"D0215-S001NS01",19
"D0215-V201NS01",43
"D0215-V301NS01",79
"D0216-S001NS01",5
"D0216-V201NS01",17
"D0219-S001NS01",17
"D0219-V301NS01",53
"D0221-V101NS01",78
"D0222-V101NS01",23
"D0223-V101NS01",25
"D0223-V201NS01",18
"D0226-F001NS01",11
"D0226-V201NS01",11
"D0228-F001NS01",21
"D0228-V201NS01",10
"D0233-V101NS01",13
"D0234-V101NS01",22
"D0234-V201NS01",18
"D0239-V101NS01",12
"D0241-V101NS01",57
"D0301-S001NS01",12
"D0301-V301NS01",32
"D0302-F001NS01",12
"D0302-P001NS01",10
"D0302-S001NS01",14
"D0302-V401NS01",23
"D0326-V201NS01",59
"D0334-V101NS01",31
"D0334-V201NS01",62
"D0336-V101NS01",33
"D0336-V201NS01",38
"D0338-V101NS01",5
"D0339-V101NS01",4
"D0402-F001NS01",16
"D0402-S001NS01",9
"D0402-V401NS01",13
"D0436-V101NS01",13
"D0536-V101NS01",24
"D0636-V101NS01",10
"W0101-P001NS01",21
"W0102-P001NS01",10
"W0102-S001NS01",34
"W0102-V102NS01",46
"W0102-V401NS01",55
"W0102-W001NS01",66
"W0103-P001NS01",47
"W0103-S001NS01",79
"W0103-V102NS01",67
"W0103-V401NS01",102
"W0103-W001NS01",44
"W0104-P001NS01",13
"W0104-S001NS01",7
"W0104-V102NS01",10
"W0104-V401NS01",6
"W0104-W001NS01",53
"W0105-P001NS01",78
"W0105-S001NS01",38
"W0105-V102NS01",122
"W0105-V401NS01",47
"W0105-W001NS01",13
"W0106-S001NS01",18
"W0106-V401NS01",55
"W0107-F001NS01",13
"W0107-S001NS01",19
"W0107-V401NS01",112
"W0108-P001NS01",56
"W0108-S001NS01",21
"W0109-F001NS01",12
"W0109-P001NS01",24
"W0109-S001NS01",61
"W0110-F001NS01",44
"W0110-P001NS01",31
"W0110-S001NS01",89
"W0110-V401NS01",117
"W0111-F001NS01",67
"W0111-P001NS01",11
"W0111-S001NS01",26
"W0111-V401NS01",81
"W0112-P001NS01",27
"W0112-S001NS01",12
"W0112-V301NS01",57
"W0112-V401NS01",46
"W0114-P001NS01",13
"W0114-S001NS01",8
"W0114-V301NS01",57
"W0114-V401NS01",49
"W0115-P001NS01",59
"W0115-S001NS01",68
"W0115-V301NS01",139
"W0115-V401NS01",127
"W0116-F001NS01",85
"W0116-P001NS01",70
"W0116-V301NS01",78
"W0117-F001NS01",85
"W0117-V301NS01",115
"W0119-S001NS01",7
"W0120-S001NS01",87
"W0120-V201NS01",104
"W0120-V301NS01",54
"W0121-F001NS01",57
"W0121-S001NS01",79
"W0121-V301NS01",51
"W0122-S001NS01",36
"W0122-V201NS01",35
"W0122-V301NS01",31
"W0123-S001NS01",85
"W0123-V201NS01",69
"W0123-V301NS01",100
"W0124-S001NS01",114
"W0124-V201NS01",34
"W0124-V301NS01",33
"W0125-S001NS01",18
"W0125-V201NS01",70
"W0125-V301NS01",72
"W0126-S001NS01",9
"W0126-V201NS01",31
"W0126-V301NS01",23
"W0127-S001NS01",11
"W0127-V201NS01",43
"W0127-V301NS01",20
"W0128-S001NS01",8
"W0128-V201NS01",38
"W0129-S001NS01",11
"W0129-V201NS01",93
"W0133-V101NS01",46
"W0133-V201NS01",10
"W0134-V101NS01",84
"W0134-V201NS01",26
"W0135-V101NS01",31
"W0136-V101NS01",98
"W0136-V201NS01",29
"W0137-V101NS01",78
"W0138-V101NS01",27
"W0139-V101NS01",41
"W0141-V101NS01",55
"W0142-V101NS01",81
"W0143-V101NS01",24
"W0201-P001NS01",12
"W0202-P001NS01",12
"W0202-S001NS01",12
"W0202-V102NS01",42
"W0202-V401NS01",45
"W0202-W001NS01",61
"W0210-F001NS01",21
"W0210-P001NS01",49
"W0210-S001NS01",61
"W0210-V401NS01",60
"W0215-P001NS01",95
"W0215-S001NS01",89
"W0215-V301NS01",68
"W0216-F001NS01",40
"W0216-P001NS01",85
"W0216-V301NS01",47
"W0219-S001NS01",1
"W0221-V101NS01",30
"W0222-V101NS01",92
"W0222-V201NS01",40
"W0223-S001NS01",38
"W0223-V201NS01",63
"W0223-V301NS01",95
"W0226-S001NS01",88
"W0226-V201NS01",43
"W0226-V301NS01",87
"W0228-S001NS01",69
"W0228-V201NS01",47
"W0229-S001NS01",22
"W0229-V201NS01",150
"W0233-V101NS01",34
"W0233-V201NS01",106
"W0234-V101NS01",43
"W0234-V201NS01",25
"W0236-V101NS01",18
"W0236-V201NS01",28
"W0239-V101NS01",45
"W0241-V101NS01",89
"W0242-V101NS01",34
"W0301-P001NS01",13
"W0302-P001NS01",13
"W0302-S001NS01",6
"W0302-V401NS01",54
"W0302-W001NS01",36
"W0326-S001NS01",39
"W0326-V201NS01",58
"W0326-V301NS01",6
"W0334-V101NS01",73
"W0334-V201NS01",56
"W0336-V101NS01",41
"W0336-V201NS01",16
"W0339-V101NS01",63
"W0402-P001NS01",6
"W0402-S001NS01",8
"W0402-V102NS01",23
"W0402-V401NS01",20
"W0402-W001NS01",14
"W0436-V101NS01",103
"W0436-V201NS01",15
"W0536-V101NS01",104
"W0536-V201NS01",26
"W0636-V101NS01",78
"W0636-V201NS01",100
"W0736-V101NS01",30
"C0103-V103NS01",120
"C0103-V104NS01",35
"C0103-V203NS01",74
"C0103-V303NS01",72
"C0103-V402NS01",48
"C0103-V403NS01",121
"C0106-V103NS01",112
"C0106-V203NS01",87
"C0106-V302NS01",24
"C0106-V303NS01",85
"C0106-V402NS01",22
"C0106-V403NS01",73
"C0107-V302NS01",141
"C0110-V302NS01",41
"C0111-V302NS01",12
"C0112-V103NS01",83
"C0112-V203NS01",116
"C0112-V302NS01",43
"C0112-V303NS01",163
"C0112-V402NS01",88
"C0112-V403NS01",100
"C0115-V103NS01",86
"C0115-V104NS01",149
"C0115-V203NS01",74
"C0115-V302NS01",108
"C0115-V303NS01",150
"C0115-V402NS01",30
"C0115-V403NS01",19
"C0116-V103NS01",90
"C0116-V203NS01",80
"C0116-V302NS01",28
"C0116-V303NS01",152
"C0116-V402NS01",203
"C0116-V403NS01",250
"C0117-V103NS01",135
"C0117-V203NS01",101
"C0117-V302NS01",57
"C0117-V401NS01",152
"C0119-V103NS01",83
"C0119-V202NS01",67
"C0119-V302NS01",15
"C0119-V303NS01",188
"C0119-V402NS01",88
"C0120-V202NS01",147
"C0121-V103NS01",77
"C0121-V202NS01",165
"C0121-V203NS01",111
"C0121-V302NS01",32
"C0121-V303NS01",118
"C0121-V402NS01",74
"C0121-V403NS01",125
"C0122-V103NS01",64
"C0122-V202NS01",41
"C0122-V203NS01",16
"C0122-V302NS01",16
"C0122-V303NS01",88
"C0122-V402NS01",76
"C0122-V403NS01",65
"C0124-V103NS01",130
"C0124-V202NS01",42
"C0124-V203NS01",69
"C0124-V302NS01",12
"C0124-V303NS01",91
"C0124-V402NS01",105
"C0124-V403NS01",162
"C0126-V202NS01",49
"C0126-V302NS01",13
"C0127-V202NS01",45
"C0128-V202NS01",140
"C0128-V203NS01",139
"C0128-V301NS01",163
"C0128-V302NS01",24
"C0128-V403NS01",187
"C0129-V103NS01",147
"C0129-V202NS01",172
"C0129-V203NS01",163
"C0129-V301NS01",331
"C0129-V302NS01",78
"C0129-V303NS01",181
"C0129-V402NS01",116
"C0133-V102NS01",73
"C0133-V103NS01",174
"C0133-V202NS01",129
"C0133-V203NS01",126
"C0133-V302NS01",218
"C0133-V402NS01",86
"C0134-V102NS01",138
"C0134-V202NS01",14
"C0136-V102NS01",151
"C0136-V103NS01",173
"C0136-V202NS01",148
"C0136-V203NS01",153
"C0136-V302NS01",49
"C0136-V303NS01",154
"C0136-V402NS01",181
"C0137-V102NS01",19
"C0137-V202NS01",153
"C0137-V401NS01",123
"C0141-V102NS01",14
"C0141-V202NS01",172
"C0141-V401NS01",53
"C0142-V102NS01",60
"C0143-V102NS01",42
"C0143-V103NS01",39
"C0143-V202NS01",127
"C0143-V302NS01",150
"C0143-V401NS01",164
"C0143-V402NS01",130
"C0206-V103NS01",150
"C0206-V104NS01",118
"C0206-V203NS01",200
"C0206-V302NS01",22
"C0206-V303NS01",189
"C0206-V402NS01",64
"C0206-V403NS01",83
"C0207-V103NS01",90
"C0207-V203NS01",95
"C0207-V302NS01",62
"C0207-V303NS01",101
"C0207-V402NS01",17
"C0207-V403NS01",84
"C0210-V103NS01",102
"C0210-V203NS01",93
"C0210-V302NS01",14
"C0210-V402NS01",154
"C0215-V103NS01",144
"C0215-V104NS01",122
"C0215-V203NS01",103
"C0215-V302NS01",156
"C0215-V303NS01",115
"C0215-V402NS01",17
"C0215-V403NS01",32
"C0216-V103NS01",44
"C0216-V203NS01",82
"C0216-V302NS01",23
"C0216-V303NS01",155
"C0216-V402NS01",89
"C0216-V403NS01",162
"C0217-V103NS01",137
"C0217-V203NS01",98
"C0217-V302NS01",54
"C0217-V303NS01",104
"C0217-V401NS01",154
"C0217-V402NS01",132
"C0217-V403NS01",60
"C0219-V103NS01",88
"C0219-V202NS01",307
"C0219-V302NS01",84
"C0219-V402NS01",56
"C0221-V103NS01",47
"C0221-V202NS01",130
"C0221-V203NS01",67
"C0221-V302NS01",16
"C0221-V303NS01",113
"C0221-V402NS01",131
"C0221-V403NS01",188
"C0222-V202NS01",78
"C0222-V302NS01",56
"C0222-V402NS01",157
"C0224-V103NS01",83
"C0224-V202NS01",39
"C0224-V203NS01",101
"C0224-V302NS01",7
"C0224-V303NS01",99
"C0224-V402NS01",115
"C0224-V403NS01",115
"C0225-V103NS01",184
"C0225-V202NS01",145
"C0225-V203NS01",63
"C0225-V302NS01",159
"C0225-V303NS01",156
"C0225-V402NS01",142
"C0225-V403NS01",190
"C0226-V202NS01",94
"C0226-V302NS01",34
"C0226-V402NS01",144
"C0227-V202NS01",15
"C0227-V302NS01",108
"C0227-V402NS01",218
"C0228-V202NS01",193
"C0228-W001NS01",340
"C0229-V103NS01",156
"C0229-V202NS01",119
"C0229-V203NS01",111
"C0229-V301NS01",60
"C0229-V302NS01",16
"C0229-V303NS01",212
"C0229-V402NS01",136
"C0229-V403NS01",90
"C0233-V102NS01",99
"C0233-V103NS01",168
"C0233-V202NS01",123
"C0233-V203NS01",9
"C0233-V302NS01",106
"C0233-V402NS01",127
"C0234-V103NS01",60
"C0234-V203NS01",14
"C0234-V302NS01",58
"C0234-V303NS01",33
"C0234-V402NS01",62
"C0236-V102NS01",69
"C0236-V202NS01",181
"C0237-V102NS01",21
"C0237-V202NS01",151
"C0237-V302NS01",144
"C0237-V401NS01",182
"C0241-V102NS01",18
"C0241-V103NS01",109
"C0241-V202NS01",171
"C0241-V302NS01",186
"C0241-V401NS01",24
"C0241-V402NS01",211
"C0242-V102NS01",143
"C0242-V401NS01",105
"C0243-V102NS01",38
"C0243-V103NS01",28
"C0243-V202NS01",39
"C0243-V203NS01",57
"C0243-V302NS01",52
"C0243-V401NS01",176
"C0243-V402NS01",109
"C0303-V103NS01",98
"C0303-V203NS01",106
"C0303-V303NS01",96
"C0303-V402NS01",101
"C0303-V403NS01",215
"C0305-V103NS01",10
"C0306-V104NS01",130
"C0306-V302NS01",36
"C0306-V303NS01",93
"C0306-V402NS01",11
"C0306-V403NS01",39
"C0307-V103NS01",122
"C0307-V203NS01",117
"C0307-V302NS01",102
"C0307-V303NS01",99
"C0307-V402NS01",31
"C0307-V403NS01",116
"C0310-V103NS01",154
"C0310-V203NS01",134
"C0310-V302NS01",94
"C0310-V303NS01",234
"C0310-V402NS01",54
"C0310-V403NS01",166
"C0311-V103NS01",115
"C0311-V302NS01",28
"C0311-V402NS01",22
"C0312-V103NS01",96
"C0312-V203NS01",99
"C0312-V302NS01",35
"C0312-V402NS01",49
"C0312-V403NS01",79
"C0315-V103NS01",176
"C0315-V104NS01",132
"C0315-V203NS01",99
"C0315-V302NS01",60
"C0315-V303NS01",134
"C0315-V402NS01",29
"C0315-V403NS01",67
"C0316-V103NS01",133
"C0316-V203NS01",167
"C0316-V302NS01",80
"C0316-V303NS01",117
"C0316-V402NS01",84
"C0316-V403NS01",159
"C0317-V103NS01",188
"C0317-V203NS01",131
"C0317-V302NS01",67
"C0317-V303NS01",94
"C0317-V401NS01",86
"C0317-V402NS01",44
"C0317-V403NS01",66
"C0319-V103NS01",140
"C0319-V202NS01",60
"C0319-V302NS01",28
"C0319-V402NS01",22
"C0322-V202NS01",76
"C0322-V302NS01",15
"C0323-V103NS01",98
"C0323-V202NS01",229
"C0323-V302NS01",61
"C0323-V402NS01",118
"C0324-V103NS01",91
"C0324-V202NS01",140
"C0324-V203NS01",100
"C0324-V302NS01",50
"C0324-V303NS01",102
"C0324-V402NS01",143
"C0324-V403NS01",143
"C0325-V202NS01",86
"C0325-V302NS01",128
"C0326-V103NS01",208
"C0326-V202NS01",28
"C0326-V203NS01",59
"C0326-V302NS01",26
"C0326-V303NS01",63
"C0326-V402NS01",97
"C0327-V202NS01",25
"C0327-V203NS01",106
"C0327-V302NS01",50
"C0327-V303NS01",131
"C0327-V402NS01",204
"C0327-V403NS01",159
"C0328-V202NS01",181
"C0328-V302NS01",8
"C0328-W001NS01",189
"C0329-V103NS01",121
"C0329-V202NS01",197
"C0329-V203NS01",128
"C0329-V301NS01",61
"C0329-V302NS01",77
"C0329-V303NS01",187
"C0329-V402NS01",174
"C0329-V403NS01",71
"C0333-V102NS01",116
"C0333-V103NS01",159
"C0333-V202NS01",46
"C0333-V203NS01",122
"C0333-V302NS01",46
"C0333-V303NS01",84
"C0333-V402NS01",88
"C0334-V102NS01",283
"C0336-V102NS01",110
"C0336-V103NS01",163
"C0336-V202NS01",159
"C0336-V203NS01",183
"C0336-V302NS01",175
"C0336-V303NS01",202
"C0336-V402NS01",184
"C0337-V102NS01",10
"C0337-V202NS01",134
"C0337-V302NS01",95
"C0337-V401NS01",71
"C0341-V102NS01",23
"C0341-V202NS01",206
"C0341-V401NS01",17
"C0342-V102NS01",80
"C0342-V103NS01",28
"C0342-V202NS01",81
"C0342-V203NS01",181
"C0342-V302NS01",70
"C0342-V402NS01",70
"C0343-V102NS01",81
"C0343-V103NS01",40
"C0343-V202NS01",33
"C0343-V203NS01",29
"C0343-V302NS01",171
"C0343-V401NS01",95
"C0343-V402NS01",112
"C0403-V103NS01",134
"C0403-V104NS01",20
"C0403-V203NS01",141
"C0403-V204NS01",103
"C0403-V303NS01",32
"C0403-V402NS01",96
"C0403-V403NS01",175
"C0405-V104NS01",81
"C0405-V204NS01",55
"C0405-V303NS01",60
"C0405-V402NS01",171
"C0405-V403NS01",38
"C0406-V302NS01",78
"C0412-V103NS01",33
"C0412-V203NS01",160
"C0412-V302NS01",110
"C0412-V303NS01",148
"C0412-V402NS01",51
"C0412-V403NS01",130
"C0414-V103NS01",67
"C0414-V203NS01",128
"C0414-V302NS01",21
"C0414-V402NS01",41
"C0415-V103NS01",79
"C0415-V203NS01",106
"C0415-V302NS01",134
"C0415-V402NS01",24
"C0416-V103NS01",57
"C0416-V203NS01",114
"C0416-V302NS01",57
"C0416-V303NS01",114
"C0416-V402NS01",123
"C0416-V403NS01",190
"C0417-V103NS01",155
"C0417-V302NS01",59
"C0417-V303NS01",124
"C0417-V401NS01",160
"C0417-V402NS01",56
"C0417-V403NS01",55
"C0419-V103NS01",73
"C0419-V202NS01",107
"C0419-V203NS01",187
"C0419-V302NS01",78
"C0419-V402NS01",78
"C0421-V103NS01",96
"C0421-V202NS01",102
"C0421-V302NS01",16
"C0421-V303NS01",53
"C0421-V402NS01",159
"C0421-V403NS01",129
"C0422-V103NS01",66
"C0422-V202NS01",44
"C0422-V203NS01",50
"C0422-V302NS01",51
"C0422-V303NS01",80
"C0422-V402NS01",40
"C0422-V403NS01",119
"C0424-V103NS01",127
"C0424-V202NS01",112
"C0424-V203NS01",109
"C0424-V302NS01",40
"C0424-V303NS01",119
"C0424-V402NS01",112
"C0424-V403NS01",121
"C0425-V202NS01",115
"C0426-V202NS01",25
"C0427-V202NS01",49
"C0427-V203NS01",84
"C0427-V302NS01",71
"C0427-V303NS01",115
"C0427-V402NS01",110
"C0427-V403NS01",134
"C0428-V202NS01",207
"C0428-V302NS01",10
"C0428-W001NS01",132
"C0429-V103NS01",123
"C0429-V202NS01",117
"C0429-V203NS01",128
"C0429-V301NS01",69
"C0429-V302NS01",85
"C0429-V402NS01",153
"C0429-V403NS01",116
"C0433-V102NS01",146
"C0433-V103NS01",145
"C0433-V202NS01",148
"C0433-V203NS01",164
"C0433-V302NS01",154
"C0433-V303NS01",252
"C0433-V402NS01",103
"C0434-V302NS01",37
"C0435-V401NS01",221
"C0436-V102NS01",86
"C0436-V103NS01",138
"C0436-V202NS01",126
"C0436-V203NS01",137
"C0436-V302NS01",115
"C0436-V303NS01",137
"C0436-V402NS01",129
"C0437-V102NS01",13
"C0437-V202NS01",149
"C0437-V302NS01",118
"C0437-V401NS01",156
"C0441-V102NS01",27
"C0441-V401NS01",59
"C0443-V102NS01",93
"C0443-V401NS01",196
"C0503-V103NS01",134
"C0503-V104NS01",39
"C0503-V203NS01",89
"C0503-V204NS01",139
"C0503-V303NS01",67
"C0503-V403NS01",189
"C0505-V103NS01",47
"C0505-V402NS01",211
"C0506-V103NS01",120
"C0506-V203NS01",108
"C0506-V402NS01",18
"C0510-V103NS01",120
"C0510-V104NS01",176
"C0510-V203NS01",70
"C0510-V302NS01",81
"C0510-V303NS01",207
"C0510-V402NS01",128
"C0510-V403NS01",74
"C0511-V103NS01",62
"C0511-V302NS01",14
"C0511-V402NS01",41
"C0512-V103NS01",139
"C0512-V203NS01",95
"C0512-V302NS01",82
"C0512-V303NS01",148
"C0512-V402NS01",29
"C0512-V403NS01",133
"C0514-V103NS01",66
"C0514-V203NS01",71
"C0514-V302NS01",45
"C0514-V303NS01",190
"C0514-V402NS01",50
"C0515-V104NS01",135
"C0515-V303NS01",111
"C0515-V403NS01",29
"C0517-V203NS01",109
"C0517-V303NS01",129
"C0517-V403NS01",40
"C0520-V202NS01",44
"C0520-V302NS01",58
"C0521-V202NS01",154
"C0521-V203NS01",79
"C0521-V302NS01",15
"C0521-V303NS01",85
"C0521-V402NS01",58
"C0522-V103NS01",172
"C0522-V203NS01",98
"C0522-V303NS01",98
"C0522-V402NS01",110
"C0522-V403NS01",95
"C0523-V103NS01",64
"C0523-V202NS01",137
"C0523-V302NS01",17
"C0523-V402NS01",46
"C0525-V103NS01",76
"C0525-V202NS01",106
"C0525-V203NS01",127
"C0525-V302NS01",126
"C0525-V303NS01",128
"C0525-V402NS01",181
"C0525-V403NS01",175
"C0526-V103NS01",114
"C0526-V203NS01",107
"C0526-V302NS01",13
"C0526-V303NS01",91
"C0526-V402NS01",103
"C0526-V403NS01",176
"C0527-V203NS01",108
"C0527-V302NS01",47
"C0527-V303NS01",129
"C0527-V402NS01",260
"C0529-V303NS01",147
"C0534-V102NS01",172
"C0534-V202NS01",19
"C0535-V102NS01",47
"C0535-V103NS01",92
"C0535-V202NS01",117
"C0535-V302NS01",84
"C0535-V401NS01",12
"C0535-V402NS01",119
"C0537-V302NS01",138
"C0541-V103NS01",167
"C0541-V202NS01",209
"C0541-V302NS01",84
"C0541-V402NS01",185
"C0542-V202NS01",117
"C0542-V203NS01",202
"C0542-V302NS01",86
"C0542-V401NS01",108
"C0543-V103NS01",59
"C0543-V202NS01",13
"C0543-V203NS01",109
"C0543-V302NS01",116
"C0543-V402NS01",71
"C0603-V104NS01",117
"C0603-V204NS01",127
"C0606-V103NS01",93
"C0606-V104NS01",163
"C0606-V203NS01",175
"C0607-V103NS01",101
"C0607-V203NS01",113
"C0607-V302NS01",81
"C0607-V402NS01",6
"C0611-V302NS01",12
"C0614-V103NS01",54
"C0614-V203NS01",431
"C0614-V302NS01",29
"C0614-V402NS01",31
"C0620-V103NS01",85
"C0620-V202NS01",42
"C0620-V302NS01",46
"C0620-V402NS01",114
"C0621-V403NS01",98
"C0622-V103NS01",73
"C0622-V203NS01",70
"C0622-V303NS01",41
"C0622-V403NS01",171
"C0623-V103NS01",68
"C0623-V202NS01",72
"C0623-V302NS01",65
"C0623-V402NS01",130
"C0625-V103NS01",103
"C0625-V203NS01",162
"C0625-V302NS01",131
"C0625-V303NS01",125
"C0625-V402NS01",201
"C0625-V403NS01",142
"C0626-V103NS01",67
"C0626-V203NS01",31
"C0626-V303NS01",66
"C0626-V402NS01",105
"C0626-V403NS01",165
"C0627-V203NS01",160
"C0627-V303NS01",36
"C0627-V403NS01",150
"C0628-V103NS01",178
"C0628-V203NS01",117
"C0628-V302NS01",13
"C0628-V303NS01",8
"C0628-V403NS01",117
"C0634-V102NS01",142
"C0634-V202NS01",37
"C0634-V203NS01",26
"C0634-V303NS01",83
"C0635-V102NS01",71
"C0635-V103NS01",166
"C0635-V202NS01",183
"C0635-V203NS01",69
"C0635-V302NS01",73
"C0635-V401NS01",153
"C0635-V402NS01",131
"C0641-V103NS01",150
"C0641-V302NS01",129
"C0641-V402NS01",174
"C0642-V202NS01",139
"C0642-V302NS01",103
"C0642-V401NS01",153
"C0643-V203NS01",78
"C0705-V103NS01",58
"C0705-V104NS01",64
"C0705-V203NS01",49
"C0705-V204NS01",37
"C0705-V303NS01",109
"C0705-V402NS01",149
"C0706-V303NS01",204
"C0707-V402NS01",135
"C0710-V104NS01",79
"C0710-V303NS01",268
"C0710-V403NS01",84
"C0711-V103NS01",80
"C0711-V402NS01",53
"C0714-V103NS01",140
"C0714-V203NS01",123
"C0714-V402NS01",66
"C0719-V203NS01",146
"C0720-V103NS01",92
"C0720-V203NS01",36
"C0720-V302NS01",24
"C0720-V402NS01",129
"C0723-V202NS01",147
"C0723-V302NS01",26
"C0723-V402NS01",96
"C0725-V103NS01",120
"C0725-V203NS01",97
"C0725-V303NS01",91
"C0725-V402NS01",174
"C0725-V403NS01",153
"C0726-V103NS01",73
"C0726-V203NS01",31
"C0726-V303NS01",97
"C0726-V403NS01",99
"C0734-V103NS01",49
"C0734-V202NS01",69
"C0734-V203NS01",19
"C0734-V302NS01",52
"C0735-V102NS01",40
"C0735-V202NS01",133
"C0735-V302NS01",114
"C0735-V401NS01",145
"C0735-V402NS01",49
"C0741-V103NS01",99
"C0741-V302NS01",156
"C0741-V402NS01",194
"C0742-V102NS01",83
"C0742-V103NS01",89
"C0742-V202NS01",117
"C0742-V302NS01",74
"C0742-V402NS01",81
"C0802-V102NS01",126
"C0805-V103NS01",15
"C0806-V104NS01",85
"C0806-V403NS01",56
"C0807-V103NS01",132
"C0807-V203NS01",114
"C0807-V303NS01",93
"C0807-V403NS01",117
"C0810-V103NS01",163
"C0810-V104NS01",150
"C0810-V203NS01",83
"C0810-V303NS01",189
"C0810-V402NS01",174
"C0810-V403NS01",59
"C0811-V103NS01",80
"C0811-V402NS01",17
"C0814-V303NS01",186
"C0819-V203NS01",143
"C0820-V103NS01",71
"C0820-V203NS01",59
"C0820-V302NS01",68
"C0820-V303NS01",83
"C0820-V402NS01",78
"C0820-V403NS01",103
"C0823-V103NS01",64
"C0828-V402NS01",189
"C0834-V302NS01",37
"C0835-V102NS01",30
"C0835-V202NS01",121
"C0835-V302NS01",148
"C0835-V402NS01",155
"C0842-V103NS01",133
"C0842-V203NS01",172
"C0842-V402NS01",89
"C0902-V103NS01",56
"C0902-V203NS01",15
"C0902-V303NS01",153
"C0902-V402NS01",31
"C0905-V203NS01",79
"C0907-V303NS01",107
"C0907-V403NS01",143
"C0910-V104NS01",132
"C0914-V303NS01",209
"C0919-V203NS01",90
"C0920-V103NS01",63
"C0920-V203NS01",104
"C0920-V402NS01",173
"C0928-V103NS01",146
"C0928-V203NS01",42
"C0928-V303NS01",115
"C0928-V403NS01",89
"C0934-V103NS01",84
"C0934-V303NS01",61
"C0934-V402NS01",49
"C0935-V103NS01",111
"C0935-V203NS01",54
"C0942-V103NS01",115
"C0942-V203NS01",92
"C0942-V402NS01",71
"C1002-V103NS01",106
"C1002-V203NS01",14
"C1002-V303NS01",193
"C1002-V402NS01",29
"C1005-V402NS01",106
"C1014-V303NS01",180
"C1019-V303NS01",96
"C1020-V203NS01",108
"C1020-V303NS01",130
"C1020-V403NS01",166
"C1028-V402NS01",155
"C1034-V103NS01",70
"C1034-V203NS01",44
"C1034-V303NS01",77
"C1034-V402NS01",68
"C1035-V103NS01",60
"C1036-V103NS01",145
"C1036-V203NS01",216
"C1036-V302NS01",107
"C1036-V303NS01",169
"C1036-V402NS01",163
"C1102-V103NS01",84
"C1102-V303NS01",139
"C1102-V402NS01",61
"C1105-V203NS01",46
"C1105-V303NS01",44
"C1119-V303NS01",47
"C1119-V403NS01",75
"C1120-V303NS01",66
"C1128-V103NS01",158
"C1128-V402NS01",116
"C1135-V203NS01",100
"C1202-V103NS01",41
"C1202-V203NS01",200
"C1202-V303NS01",61
"C1202-V402NS01",52
"C1219-V303NS01",158
"C1220-V303NS01",120
"C1220-V403NS01",119
"C1228-V103NS01",198
"C1228-V203NS01",189
"C1228-V303NS01",132
"C1228-V402NS01",215
"C1228-V403NS01",129
"C1235-V203NS01",55
"C1302-V104NS01",84
"C1302-V204NS01",176
"C1302-V403NS01",82
"C1305-V203NS01",36
"C1305-V303NS01",91
"C1305-V403NS01",66
"C1402-V104NS01",36
"C1402-V204NS01",144
"C1402-V403NS01",190
"C1405-V104NS01",154
"C1405-V403NS01",29
"C1502-V104NS01",83
"C1502-V204NS01",183
"C1502-V403NS01",161
"C1505-V104NS01",72
"C1505-V204NS01",39
"C1505-V403NS01",62
"C1602-V104NS01",97
"C1602-V204NS01",75
"C1602-V403NS01",161
"C1605-V204NS01",43
"D0101-V103NS01",14
"D0101-V202NS01",5
"D0101-V203NS01",26
"D0101-V302NS01",10
"D0101-V303NS01",14
"D0101-V402NS01",12
"D0102-V103NS01",9
"D0102-V104NS01",40
"D0102-V203NS01",19
"D0102-V302NS01",15
"D0102-V303NS01",28
"D0102-V402NS01",18
"D0102-V403NS01",8
"D0104-V103NS01",16
"D0104-V203NS01",13
"D0104-V302NS01",39
"D0104-V303NS01",45
"D0104-V402NS01",10
"D0104-V403NS01",33
"D0105-V102NS01",35
"D0105-V202NS01",7
"D0105-V302NS01",14
"D0105-V402NS01",41
"D0106-V103NS01",7
"D0106-V202NS01",6
"D0106-V203NS01",6
"D0106-V302NS01",4
"D0106-V303NS01",5
"D0106-V402NS01",5
"D0106-V403NS01",4
"D0107-V102NS01",29
"D0107-V103NS01",11
"D0107-V202NS01",18
"D0107-V203NS01",22
"D0107-V302NS01",21
"D0107-V303NS01",24
"D0107-V402NS01",20
"D0108-V102NS01",10
"D0108-V103NS01",9
"D0108-V202NS01",15
"D0108-V203NS01",17
"D0108-V302NS01",11
"D0108-V402NS01",4
"D0109-V103NS01",14
"D0109-V104NS01",39
"D0109-V203NS01",31
"D0109-V302NS01",48
"D0109-V303NS01",41
"D0109-V401NS01",24
"D0109-V402NS01",13
"D0109-V403NS01",15
"D0110-V103NS01",12
"D0110-V104NS01",20
"D0110-V203NS01",8
"D0110-V302NS01",8
"D0110-V303NS01",15
"D0110-V401NS01",26
"D0110-V402NS01",18
"D0110-V403NS01",14
"D0111-V103NS01",10
"D0111-V202NS01",7
"D0111-V203NS01",22
"D0111-V302NS01",9
"D0111-V303NS01",8
"D0111-V402NS01",7
"D0111-V403NS01",11
"D0112-V103NS01",8
"D0112-V202NS01",11
"D0112-V203NS01",30
"D0112-V302NS01",7
"D0112-V402NS01",15
"D0114-V103NS01",5
"D0114-V202NS01",16
"D0114-V203NS01",10
"D0114-V302NS01",10
"D0114-V303NS01",5
"D0114-V402NS01",5
"D0114-V403NS01",17
"D0115-V103NS01",12
"D0115-V202NS01",27
"D0115-V203NS01",46
"D0115-V301NS01",42
"D0115-V302NS01",3
"D0115-V303NS01",29
"D0115-V402NS01",7
"D0115-V403NS01",4
"D0116-V103NS01",20
"D0116-V202NS01",16
"D0116-V203NS01",18
"D0116-V302NS01",13
"D0116-V303NS01",19
"D0116-V402NS01",21
"D0117-V103NS01",14
"D0117-V202NS01",14
"D0117-V203NS01",16
"D0117-V302NS01",12
"D0117-V303NS01",21
"D0117-V402NS01",29
"D0119-V103NS01",9
"D0119-V202NS01",10
"D0119-V203NS01",12
"D0119-V302NS01",6
"D0119-V303NS01",7
"D0119-V402NS01",5
"D0119-V403NS01",10
"D0120-V103NS01",22
"D0120-V202NS01",30
"D0120-V203NS01",29
"D0120-V302NS01",17
"D0120-V303NS01",26
"D0120-V402NS01",13
"D0120-V403NS01",11
"D0121-V103NS01",6
"D0121-V202NS01",6
"D0121-V203NS01",8
"D0121-V302NS01",3
"D0121-V303NS01",6
"D0121-V402NS01",7
"D0121-V403NS01",5
"D0123-V103NS01",40
"D0123-V202NS01",17
"D0123-V203NS01",50
"D0123-V302NS01",33
"D0123-V303NS01",34
"D0123-V402NS01",28
"D0123-V403NS01",16
"D0124-V103NS01",21
"D0124-V202NS01",22
"D0124-V203NS01",12
"D0124-V302NS01",19
"D0124-V303NS01",11
"D0124-V402NS01",28
"D0124-V403NS01",22
"D0125-V102NS01",13
"D0125-V103NS01",7
"D0125-V202NS01",15
"D0125-V203NS01",6
"D0125-V302NS01",8
"D0125-V303NS01",3
"D0125-V402NS01",10
"D0126-V102NS01",31
"D0126-V103NS01",20
"D0126-V202NS01",16
"D0126-V203NS01",31
"D0126-V302NS01",38
"D0126-V303NS01",51
"D0126-V402NS01",47
"D0129-V102NS01",27
"D0129-V103NS01",15
"D0129-V202NS01",26
"D0129-V203NS01",32
"D0129-V302NS01",28
"D0129-V303NS01",35
"D0129-V402NS01",22
"D0133-V102NS01",6
"D0133-V103NS01",15
"D0133-V202NS01",7
"D0133-V302NS01",10
"D0133-V401NS01",11
"D0133-V402NS01",21
"D0134-V102NS01",86
"D0134-V103NS01",36
"D0134-V202NS01",14
"D0134-V203NS01",12
"D0134-V302NS01",18
"D0134-V303NS01",10
"D0134-V402NS01",28
"D0135-V102NS01",7
"D0135-V103NS01",4
"D0135-V202NS01",8
"D0135-V203NS01",69
"D0135-V302NS01",8
"D0135-V402NS01",8
"D0137-V102NS01",9
"D0137-V103NS01",20
"D0137-V202NS01",7
"D0137-V302NS01",19
"D0137-V402NS01",15
"D0138-V102NS01",32
"D0138-V202NS01",32
"D0138-V302NS01",71
"D0138-V401NS01",48
"D0139-V401NS01",54
"D0141-V103NS01",25
"D0141-V202NS01",29
"D0141-V302NS01",36
"D0141-V402NS01",6
"D0142-V101NS01",29
"D0142-V102NS01",22
"D0142-V103NS01",33
"D0142-V202NS01",21
"D0142-V203NS01",22
"D0142-V302NS01",15
"D0142-V401NS01",34
"D0142-V402NS01",51
"D0143-V102NS01",12
"D0143-V103NS01",2
"D0143-V203NS01",7
"D0143-V302NS01",13
"D0143-V402NS01",26
"D0201-V202NS01",6
"D0201-V302NS01",26
"D0202-V103NS01",16
"D0202-V203NS01",11
"D0202-V302NS01",23
"D0202-V303NS01",15
"D0202-V402NS01",8
"D0202-V403NS01",10
"D0210-V103NS01",19
"D0210-V104NS01",72
"D0210-V203NS01",14
"D0210-V302NS01",23
"D0210-V303NS01",21
"D0210-V402NS01",14
"D0210-V403NS01",15
"D0215-V103NS01",14
"D0215-V202NS01",14
"D0215-V203NS01",11
"D0215-V302NS01",18
"D0215-V303NS01",10
"D0215-V402NS01",22
"D0215-V403NS01",36
"D0219-V103NS01",8
"D0219-V202NS01",13
"D0219-V203NS01",9
"D0219-V302NS01",14
"D0219-V303NS01",7
"D0219-V402NS01",9
"D0221-V102NS01",13
"D0221-V103NS01",11
"D0221-V202NS01",19
"D0221-V302NS01",49
"D0221-V401NS01",31
"D0221-V402NS01",33
"D0222-V102NS01",53
"D0222-V103NS01",45
"D0222-V202NS01",26
"D0222-V203NS01",12
"D0222-V302NS01",30
"D0222-V303NS01",3
"D0222-V402NS01",40
"D0223-V102NS01",20
"D0223-V103NS01",17
"D0223-V202NS01",26
"D0223-V203NS01",26
"D0223-V302NS01",36
"D0223-V303NS01",34
"D0223-V402NS01",45
"D0226-V102NS01",19
"D0226-V202NS01",12
"D0226-V302NS01",12
"D0226-V402NS01",15
"D0229-V102NS01",28
"D0229-V103NS01",37
"D0229-V202NS01",22
"D0229-V203NS01",7
"D0229-V301NS01",9
"D0229-V302NS01",9
"D0229-V402NS01",8
"D0233-V102NS01",15
"D0233-V103NS01",5
"D0233-V202NS01",30
"D0233-V203NS01",69
"D0233-V302NS01",40
"D0233-V401NS01",13
"D0233-V402NS01",21
"D0234-V102NS01",8
"D0234-V202NS01",7
"D0236-V102NS01",15
"D0236-V103NS01",14
"D0236-V202NS01",12
"D0236-V302NS01",14
"D0236-V401NS01",18
"D0236-V402NS01",30
"D0239-V102NS01",6
"D0239-V103NS01",10
"D0239-V202NS01",13
"D0239-V302NS01",13
"D0239-V401NS01",10
"D0239-V402NS01",4
"D0241-V102NS01",12
"D0241-V103NS01",0
"D0241-V202NS01",6
"D0241-V203NS01",8
"D0241-V302NS01",9
"D0241-V401NS01",17
"D0241-V402NS01",23
"D0242-V101NS01",16
"D0242-V102NS01",15
"D0242-V103NS01",34
"D0242-V202NS01",29
"D0242-V203NS01",27
"D0242-V302NS01",33
"D0242-V401NS01",1
"D0242-V402NS01",59
"D0301-V202NS01",25
"D0301-V302NS01",24
"D0302-V103NS01",14
"D0302-V203NS01",20
"D0302-V302NS01",34
"D0302-V303NS01",13
"D0302-V402NS01",10
"D0302-V403NS01",8
"D0326-V102NS01",10
"D0326-V202NS01",10
"D0326-V203NS01",20
"D0326-V302NS01",6
"D0326-V402NS01",7
"D0334-V102NS01",29
"D0334-V103NS01",9
"D0334-V202NS01",13
"D0334-V203NS01",9
"D0334-V302NS01",13
"D0334-V303NS01",13
"D0334-V402NS01",33
"D0336-V102NS01",8
"D0336-V103NS01",10
"D0336-V202NS01",14
"D0336-V203NS01",15
"D0336-V302NS01",9
"D0336-V303NS01",8
"D0336-V402NS01",18
"D0402-V103NS01",10
"D0402-V203NS01",19
"D0402-V302NS01",61
"D0402-V303NS01",15
"D0402-V402NS01",24
"D0402-V403NS01",12
"D0436-V102NS01",13
"D0436-V103NS01",9
"D0436-V202NS01",8
"D0436-V203NS01",26
"D0436-V302NS01",13
"D0436-V401NS01",16
"D0436-V402NS01",21
"D0502-V102NS01",16
"D0502-V202NS01",14
"D0502-V302NS01",13
"D0502-V402NS01",25
"D0536-V102NS01",23
"D0536-V103NS01",25
"D0536-V202NS01",41
"D0536-V203NS01",72
"D0536-V302NS01",61
"D0536-V401NS01",19
"D0536-V402NS01",75
"D0636-V102NS01",14
"D0636-V103NS01",10
"D0636-V202NS01",11
"D0636-V302NS01",5
"D0636-V401NS01",17
"D0636-V402NS01",5
"D0903-V103NS01",15
"D0903-V104NS01",6
"D0903-V203NS01",5
"D0903-V303NS01",9
"D0903-V403NS01",7
"D0922-V103NS01",11
"D0922-V203NS01",27
"D0922-V302NS01",12
"D0922-V303NS01",12
"D0922-V402NS01",21
"D0922-V403NS01",51
"D0927-V203NS01",8
"D0927-V302NS01",14
"D0927-V303NS01",17
"D0927-V402NS01",14
"D0927-V403NS01",19
"D0928-V103NS01",8
"D0928-V203NS01",7
"D0928-V302NS01",11
"D0928-V303NS01",1
"D0928-V402NS01",6
"D0936-V103NS01",10
"D0936-V202NS01",7
"D0936-V203NS01",12
"D0936-V302NS01",9
"D0936-V303NS01",7
"D0936-V402NS01",6
"D1016-V103NS01",33
"D1016-V203NS01",33
"D1016-V302NS01",15
"D1016-V303NS01",23
"D1016-V402NS01",22
"D1016-V403NS01",14
"D1034-V103NS01",39
"D1034-V203NS01",11
"D1034-V302NS01",17
"D1034-V303NS01",30
"D1034-V402NS01",8
"W0102-V103NS01",51
"W0102-V104NS01",8
"W0102-V203NS01",10
"W0102-V204NS01",56
"W0102-V303NS01",19
"W0102-V402NS01",21
"W0102-V403NS01",27
"W0103-V103NS01",60
"W0103-V104NS01",40
"W0103-V203NS01",68
"W0103-V204NS01",69
"W0103-V402NS01",58
"W0103-V403NS01",110
"W0105-V103NS01",11
"W0105-V104NS01",18
"W0105-V203NS01",93
"W0105-V204NS01",34
"W0105-V303NS01",99
"W0105-V402NS01",99
"W0105-V403NS01",66
"W0106-V103NS01",28
"W0106-V104NS01",61
"W0106-V203NS01",12
"W0106-V302NS01",52
"W0106-V303NS01",17
"W0106-V402NS01",17
"W0106-V403NS01",51
"W0107-V103NS01",26
"W0107-V203NS01",59
"W0107-V302NS01",72
"W0107-V303NS01",25
"W0107-V402NS01",39
"W0107-V403NS01",59
"W0110-V103NS01",127
"W0110-V104NS01",99
"W0110-V203NS01",54
"W0110-V302NS01",97
"W0110-V303NS01",243
"W0110-V402NS01",145
"W0110-V403NS01",38
"W0111-V103NS01",204
"W0111-V302NS01",61
"W0111-V402NS01",5
"W0112-V103NS01",10
"W0112-V203NS01",69
"W0112-V302NS01",107
"W0112-V303NS01",26
"W0112-V402NS01",13
"W0112-V403NS01",60
"W0114-V103NS01",54
"W0114-V203NS01",27
"W0114-V302NS01",43
"W0114-V303NS01",31
"W0114-V402NS01",156
"W0115-V103NS01",118
"W0115-V203NS01",115
"W0115-V302NS01",74
"W0115-V303NS01",115
"W0115-V402NS01",24
"W0115-V403NS01",121
"W0116-V103NS01",98
"W0116-V202NS01",62
"W0116-V203NS01",90
"W0116-V302NS01",31
"W0116-V303NS01",55
"W0116-V402NS01",114
"W0116-V403NS01",176
"W0117-V103NS01",93
"W0117-V203NS01",53
"W0117-V302NS01",26
"W0117-V303NS01",98
"W0117-V401NS01",67
"W0117-V402NS01",37
"W0117-V403NS01",100
"W0119-V103NS01",11
"W0119-V202NS01",48
"W0119-V203NS01",51
"W0119-V302NS01",85
"W0119-V303NS01",29
"W0119-V402NS01",82
"W0120-V103NS01",63
"W0120-V202NS01",20
"W0120-V203NS01",95
"W0120-V302NS01",63
"W0120-V303NS01",28
"W0120-V402NS01",67
"W0120-V403NS01",138
"W0121-V103NS01",49
"W0121-V202NS01",2
"W0121-V203NS01",50
"W0121-V302NS01",21
"W0121-V303NS01",6
"W0121-V402NS01",116
"W0121-V403NS01",81
"W0122-V103NS01",24
"W0122-V202NS01",20
"W0122-V203NS01",66
"W0122-V302NS01",7
"W0122-V303NS01",41
"W0122-V402NS01",52
"W0122-V403NS01",46
"W0123-V103NS01",88
"W0123-V202NS01",171
"W0123-V203NS01",32
"W0123-V302NS01",6
"W0123-V402NS01",101
"W0124-V103NS01",40
"W0124-V202NS01",32
"W0124-V203NS01",111
"W0124-V302NS01",4
"W0124-V402NS01",61
"W0125-V103NS01",183
"W0125-V202NS01",23
"W0125-V203NS01",61
"W0125-V302NS01",22
"W0125-V303NS01",100
"W0125-V402NS01",210
"W0125-V403NS01",72
"W0126-V103NS01",110
"W0126-V202NS01",26
"W0126-V203NS01",62
"W0126-V302NS01",62
"W0126-V303NS01",20
"W0126-V402NS01",30
"W0126-V403NS01",80
"W0127-V103NS01",10
"W0127-V202NS01",12
"W0127-V203NS01",46
"W0127-V302NS01",76
"W0127-V303NS01",30
"W0127-V402NS01",35
"W0127-V403NS01",44
"W0128-V103NS01",66
"W0128-V202NS01",21
"W0128-V203NS01",43
"W0128-V301NS01",47
"W0128-V302NS01",12
"W0128-V303NS01",14
"W0128-V402NS01",28
"W0128-V403NS01",16
"W0129-V103NS01",45
"W0129-V202NS01",116
"W0129-V203NS01",21
"W0129-V301NS01",41
"W0129-V302NS01",15
"W0129-V303NS01",83
"W0129-V402NS01",55
"W0129-V403NS01",45
"W0133-V102NS01",109
"W0133-V103NS01",17
"W0133-V202NS01",11
"W0133-V203NS01",13
"W0133-V302NS01",12
"W0133-V402NS01",6
"W0134-V102NS01",51
"W0134-V103NS01",31
"W0134-V202NS01",9
"W0134-V203NS01",11
"W0134-V302NS01",21
"W0134-V303NS01",38
"W0134-V402NS01",21
"W0135-V102NS01",4
"W0135-V103NS01",35
"W0135-V202NS01",131
"W0135-V302NS01",44
"W0135-V401NS01",105
"W0135-V402NS01",93
"W0136-V102NS01",40
"W0136-V103NS01",109
"W0136-V202NS01",65
"W0136-V203NS01",32
"W0136-V302NS01",65
"W0136-V303NS01",3
"W0136-V402NS01",11
"W0137-V102NS01",7
"W0137-V202NS01",139
"W0137-V302NS01",83
"W0137-V401NS01",106
"W0141-V102NS01",51
"W0141-V103NS01",53
"W0141-V202NS01",34
"W0141-V302NS01",40
"W0141-V401NS01",76
"W0141-V402NS01",65
"W0142-V102NS01",54
"W0142-V103NS01",28
"W0142-V202NS01",71
"W0142-V203NS01",57
"W0142-V302NS01",28
"W0142-V401NS01",91
"W0142-V402NS01",44
"W0143-V102NS01",47
"W0143-V103NS01",13
"W0143-V202NS01",84
"W0143-V203NS01",4
"W0143-V302NS01",38
"W0143-V401NS01",57
"W0143-V402NS01",24
"W0202-V103NS01",8
"W0202-V104NS01",13
"W0202-V203NS01",5
"W0202-V204NS01",140
"W0202-V303NS01",16
"W0202-V402NS01",34
"W0202-V403NS01",41
"W0210-V103NS01",51
"W0210-V104NS01",89
"W0210-V203NS01",40
"W0210-V302NS01",42
"W0210-V303NS01",49
"W0210-V402NS01",44
"W0210-V403NS01",16
"W0215-V103NS01",218
"W0215-V203NS01",47
"W0215-V302NS01",119
"W0215-V303NS01",111
"W0215-V402NS01",70
"W0215-V403NS01",164
"W0216-V103NS01",42
"W0216-V202NS01",86
"W0216-V203NS01",58
"W0216-V302NS01",54
"W0216-V303NS01",117
"W0216-V402NS01",84
"W0216-V403NS01",46
"W0219-V103NS01",62
"W0219-V202NS01",96
"W0219-V203NS01",150
"W0219-V302NS01",21
"W0219-V303NS01",86
"W0219-V402NS01",10
"W0219-V403NS01",94
"W0221-V102NS01",5
"W0221-V103NS01",26
"W0221-V202NS01",25
"W0221-V203NS01",36
"W0221-V302NS01",10
"W0221-V401NS01",145
"W0221-V402NS01",10
"W0222-V102NS01",64
"W0222-V103NS01",46
"W0222-V202NS01",67
"W0222-V203NS01",59
"W0222-V302NS01",71
"W0222-V303NS01",125
"W0222-V402NS01",28
"W0223-V103NS01",81
"W0223-V202NS01",73
"W0223-V203NS01",55
"W0223-V302NS01",12
"W0223-V402NS01",41
"W0224-V303NS01",47
"W0224-V403NS01",161
"W0226-V103NS01",124
"W0226-V202NS01",89
"W0226-V203NS01",72
"W0226-V302NS01",45
"W0226-V402NS01",85
"W0228-V301NS01",106
"W0229-V202NS01",131
"W0229-V203NS01",28
"W0229-V301NS01",142
"W0229-V302NS01",32
"W0229-V303NS01",43
"W0229-V402NS01",51
"W0233-V102NS01",47
"W0233-V103NS01",85
"W0233-V202NS01",48
"W0233-V203NS01",59
"W0233-V302NS01",77
"W0233-V402NS01",20
"W0234-V102NS01",73
"W0234-V103NS01",16
"W0234-V202NS01",72
"W0234-V203NS01",15
"W0234-V302NS01",7
"W0234-V402NS01",11
"W0236-V102NS01",72
"W0236-V103NS01",9
"W0236-V202NS01",10
"W0236-V203NS01",10
"W0236-V302NS01",76
"W0236-V402NS01",9
"W0241-V102NS01",41
"W0241-V103NS01",66
"W0241-V202NS01",74
"W0241-V302NS01",50
"W0241-V401NS01",19
"W0241-V402NS01",173
"W0242-V102NS01",43
"W0242-V103NS01",2
"W0242-V202NS01",28
"W0242-V203NS01",70
"W0242-V302NS01",28
"W0242-V401NS01",114
"W0242-V402NS01",55
"W0302-V102NS01",6
"W0302-V103NS01",125
"W0302-V104NS01",9
"W0302-V203NS01",51
"W0302-V204NS01",93
"W0302-V303NS01",22
"W0302-V402NS01",16
"W0302-V403NS01",66
"W0326-V103NS01",23
"W0326-V202NS01",85
"W0326-V203NS01",109
"W0326-V302NS01",68
"W0326-V303NS01",89
"W0326-V402NS01",54
"W0326-V403NS01",72
"W0334-V102NS01",59
"W0334-V103NS01",68
"W0334-V202NS01",43
"W0334-V203NS01",36
"W0334-V302NS01",101
"W0334-V303NS01",66
"W0334-V402NS01",33
"W0336-V102NS01",64
"W0336-V103NS01",49
"W0336-V202NS01",40
"W0336-V203NS01",97
"W0336-V302NS01",60
"W0336-V303NS01",29
"W0336-V402NS01",52
"W0436-V102NS01",16
"W0436-V103NS01",98
"W0436-V202NS01",48
"W0436-V203NS01",35
"W0436-V302NS01",19
"W0436-V303NS01",22
"W0436-V402NS01",114
"W0502-V101NS01",66
"W0502-V102NS01",60
"W0502-V103NS01",12
"W0502-V202NS01",19
"W0502-V203NS01",20
"W0502-V302NS01",12
"W0502-V401NS01",37
"W0502-V402NS01",166
"W0536-V102NS01",14
"W0536-V103NS01",61
"W0536-V203NS01",101
"W0536-V302NS01",4
"W0536-V303NS01",183
"W0536-V402NS01",68
"W0636-V102NS01",23
"W0636-V202NS01",70
"W0636-V302NS01",54
